{
  "_fv": 10,
  "_type": "gui",
  "definition": {
    "type": 0,
    "width": 352,
    "height": 332,
    "renderBgLayer": true,
    "doesPauseGame": false,
    "components": [
      {
        "type": "label",
        "data": {
          "text": "AFK Alert command",
          "color": {
            "value": -16777216,
            "falpha": 0.0
          },
          "name": "AFK Alert command",
          "x": 267,
          "y": 93
        }
      },
      {
        "type": "button",
        "data": {
          "text": "Back",
          "onClick": {
            "name": "HelpCommandExecuted"
          },
          "width": 80,
          "height": 40,
          "name": "Back",
          "x": 498,
          "y": 86
        }
      },
      {
        "type": "label",
        "data": {
          "text": "The afk alert command will either",
          "color": {
            "value": -16777216,
            "falpha": 0.0
          },
          "name": "The afk alert command will either",
          "x": 264,
          "y": 140
        }
      },
      {
        "type": "label",
        "data": {
          "text": "say \\<username\\> has gone afk, or",
          "color": {
            "value": -16777216,
            "falpha": 0.0
          },
          "name": "say \\<username\\> has gone afk, or",
          "x": 264,
          "y": 163
        }
      },
      {
        "type": "label",
        "data": {
          "text": "\\<username\\> is not afk anymore.",
          "color": {
            "value": -16777216,
            "falpha": 0.0
          },
          "name": "\\<username\\> is not afk anymore.",
          "x": 264,
          "y": 186
        }
      },
      {
        "type": "label",
        "data": {
          "text": "To use the first one, use the",
          "color": {
            "value": -16777216,
            "falpha": 0.0
          },
          "name": "To use the first one, use the",
          "x": 264,
          "y": 222
        }
      },
      {
        "type": "label",
        "data": {
          "text": "command: [/afk start] or [/afk s]",
          "color": {
            "value": -16777216,
            "falpha": 0.0
          },
          "name": "command: [/afk start] or [/afk s]",
          "x": 264,
          "y": 243
        }
      },
      {
        "type": "label",
        "data": {
          "text": "To use the second one, use the",
          "color": {
            "value": -16777216,
            "falpha": 0.0
          },
          "name": "To use the second one, use the",
          "x": 264,
          "y": 279
        }
      },
      {
        "type": "label",
        "data": {
          "text": "command: [/afk end] or [/afk e].",
          "color": {
            "value": -16777216,
            "falpha": 0.0
          },
          "name": "command: [/afk end] or [/afk e].",
          "x": 264,
          "y": 298
        }
      }
    ]
  }
}