{
  "_fv": 10,
  "_type": "gui",
  "definition": {
    "type": 0,
    "width": 448,
    "height": 332,
    "renderBgLayer": true,
    "doesPauseGame": false,
    "components": [
      {
        "type": "label",
        "data": {
          "text": "Alert Help",
          "color": {
            "value": -16777216,
            "falpha": 0.0
          },
          "name": "Alert Help",
          "x": 216,
          "y": 88
        }
      },
      {
        "type": "button",
        "data": {
          "text": "AFK Alert command",
          "width": 340,
          "height": 40,
          "name": "AFK Alert command",
          "x": 264,
          "y": 136
        }
      },
      {
        "type": "button",
        "data": {
          "text": "Place Alert command",
          "width": 380,
          "height": 40,
          "name": "Place Alert command",
          "x": 246,
          "y": 184
        }
      }
    ]
  }
}